x1,x2,label
2.496714153011233,2.9261775475316414,0
1.8617356988288154,3.9094166404701305,0
2.6476885381006925,0.6014324261808588,0
3.5230298564080256,2.562969236690571,0
1.765846625276664,1.349357430878173,0
1.7658630430508195,1.512874616235304,0
3.5792128155073915,1.4076060757611308,0
2.767434729152909,1.1360092303201839,0
1.5305256140650478,2.048521627944827,0
2.5425600435859645,1.1690498835889622,0
1.5365823071875377,2.270456825779839,0
1.534270246429743,1.9497618905508631,0
2.241962271566034,1.7610519531335902,0
0.08671975534220211,1.0924363379584021,0
0.27508216748696723,1.4232286694316674,0
1.4377124707590272,2.755391225825756,0
0.9871688796655762,2.5009171876243808,0
2.314247332595274,1.022444755201449,0
1.0919759244787892,2.099332305429226,0
0.5876962986647085,2.751387123371789,0
3.465648768921554,0.33059471887862824,0
1.7742236995134644,2.543360192379935,0
2.0675282046879238,1.3373762410541534,0
0.5752518137865432,2.5705986685931594,0
1.4556172754748173,1.2367408434574831,0
2.1109225897098662,0.19511789933548096,0
0.8490064225776972,0.37245756211683734,0
2.375698018345672,2.048084946661382,0
1.399361310081195,2.2597225017214817,0
1.7083062502067232,1.0956833748955914,0
1.398293387770603,2.638592458777374,0
3.852278184508938,0.3384799377310401,0
1.986502775262066,1.9339202013526835,0
0.9422890710440996,0.7889838002375433,0
2.822544912103189,1.348163892197841,0
0.7791563500289778,2.047398671316414,0
2.2088635950047553,1.1395866347160477,0
0.04032987612022443,1.6154444557701746,0
0.6718139511015695,3.0062928092144405,0
2.1968612358691235,1.4231081304768511,0
2.7384665799954107,2.835692112065142,0
2.1713682811899706,0.8702931453423819,0
1.8843517176117595,2.529804177915283,0
1.6988963044107113,3.4415686206579004,0
0.5214780096325726,-0.4716445001272893,0
1.2801557916052912,1.203104744529523,0
1.5393612290402126,2.57707212718054,0
3.0571222262189157,1.7969546139570074,0
2.3436182895684614,2.371145873371309,0
0.23695984463726605,1.3960148132841794,0
2.324083969394795,2.0865897874729,0
1.6149177195836835,1.8443227646079206,0
1.3230779996940414,3.1677820616598074,0
2.6116762888408678,2.254420843301213,0
3.030999522495951,2.337602662075202,0
2.931280119116199,1.5881230338775327,0
1.1607824767773613,1.5123937759275066,0
1.6907876241487854,1.567441812180379,0
2.331263431403564,2.394452142378297,0
2.975545127122359,1.579015519179737,0
1.52082576215471,2.289774856896413,0
1.814341023336183,4.075400798645439,0
0.8936650259939718,2.8711247034316925,0
0.8037933759193292,1.673976467832159,0
2.812525822394198,3.201213922163945,0
3.3562400285708227,1.5919246269784486,0
1.927989878419666,-0.03812453517785386,0
3.003532897892024,0.9919136890825959,0
2.361636025047634,0.12920807897414432,0
1.3548802453948756,1.6484865159586914,0
2.361395605508414,2.018418379189552,0
3.538036566465969,3.676437312275283,0
1.9641739608900484,2.3269273737641627,0
3.564643655814006,1.7808994711911357,0
-0.6197451040897444,2.8294055811834893,0
2.821902504375224,-0.21113530900788513,0
2.087047068238171,2.235614558108566,0
1.7009926495341325,2.7708651938869666,0
2.0917607765355024,0.5214137542201585,0
0.0124310853991072,3.143754043206929,0
1.780328112162488,2.3384964074944143,0
2.3571125715117462,1.5847120860991988,0
3.4778940447415163,2.632781866106285,0
1.4817297817263526,4.270692857804396,0
1.1915063971068123,2.181866255058495,0
1.4982429564154636,2.248220586300336,0
2.915402117702074,1.540639100459756,0
2.3287511096596845,1.1501556305352083,0
1.4702397962329612,2.8303358165442454,0
2.513267433113356,1.1439161740911328,0
2.0970775493480405,2.0715662372193924,0
2.9686449905328893,1.5223425532348833,0
1.2979469061226476,2.478979825746392,0
1.6723378534022317,2.3336621052869484,0
1.6078918468678425,3.037539944257899,0
0.5364850518678814,1.489983601145253,0
2.296120277064576,1.7301250647066286,0
2.261055272179889,1.0212362842176925,0
2.005113456642461,1.5557067399238884,0
1.7654128666248532,2.377300493044852,0
0.5846292579495858,2.756988616645352,0
1.579354677234641,1.0778346758223747,0
1.6572854834732305,2.86960592010566,0
1.197722730778381,3.355637858804951,0
1.8387142883339909,2.413434903223701,0
2.4040508568145382,3.8767958125580657,0
3.8861859012105304,1.226210800896427,0
2.174577812831839,0.755345296688583,0
2.2575503907227645,0.2212797510957214,0
1.9255540842338328,3.4960443114891833,0
0.08122878470095851,2.6543656563540576,0
1.973486124550783,1.944415329089545,0
2.0602302099410266,2.2799686263198202,0
4.463242112485286,0.8745109527016235,0
1.8076390352188776,4.445751979616826,0
2.3015473423336124,2.1292211819752276,0
1.9652882302947567,2.109394794604893,0
0.831321962380468,2.725766623898692,0
3.1428228145150205,2.481009231736713,0
2.7519330326867744,2.2238840242791316,0
2.791031947043047,1.2095255445546882,0
1.090612545205261,2.4714683571359957,0
3.402794310936099,3.882024496475034,0
0.5981489372077191,3.3454200461549775,0
2.5868570938002704,3.593186626639397,0
4.190455625809978,1.4887843235688147,0
1.0094636748693118,1.010395179741419,0
1.433702270397228,1.8742130799003518,0
2.099651365087641,2.0557249122886945,0
1.4965243458838007,3.0941915184709483,0
0.4493365689338673,0.30753537028518063,0
2.0685629748060275,3.529550319460614,0
0.9376962862738951,1.8419921014210106,0
2.4735924306351817,1.5731189300525799,0
1.0805757657661967,0.9878956247398325,0
3.5499344050175394,0.34514332813423065,0
1.2167467076637628,2.8231705839619146,0
1.6779384837943243,2.073317967188404,0
2.81351721736967,0.7100391002589461,0
0.7691356835660448,0.7049212279363839,0
2.2274599346041293,1.6642153007098717,0
3.3071427542824283,3.669021525289393,0
0.39251676543877245,1.7404086486363952,0
2.184633858532304,0.4968570468818938,0
2.2598827942484236,1.7542569359140556,0
2.7818228717773104,1.7272764302523296,0
0.763049289121918,-0.6968866429415717,0
0.6795433869157237,1.9457051334821878,0
2.5219415656168978,1.769065469791322,0
2.2969846732331862,2.6962063648134182,0
2.2504928503458768,3.848956094945345,0
2.346448209496976,3.1265650295477574,0
1.3199752784215093,1.7311113094451693,0
2.2322536971610036,0.8934740912583297,0
2.293072473298681,4.57335980324986,0
1.285648581973632,2.0592184340144883,0
3.865774511144757,2.0139292919129463,0
2.4738329209117875,1.9758749128899966,0
0.8086965027973514,2.198084760767855,0
2.6565536086338297,1.8556395880760574,0
1.0253183297726784,1.4263379931197637,0
2.787084603742452,1.4531410587596079,0
3.158595579007404,1.9672467297840015,0
1.1793176816482895,1.456575228866235,0
2.9633761292443217,1.2871542173228356,0
2.4127809269364984,2.106430227691897,0
2.82206015999449,1.7450227825791447,0
3.896792982653947,3.503992988582689,0
1.7546118839971294,-0.650969808393012,0
1.2462638356425104,3.0915068519224618,0
1.1104855703744767,3.2460851924976293,0
1.1841897150345617,-0.07339023240814946,0
1.9228982905858958,1.6573124059196513,0
2.341151974816644,1.6285591340042085,0
2.276690799330019,0.5924883052821788,0
2.8271832490360236,1.2221833124091246,0
2.013001891877907,0.8894241545341712,0
3.453534077157317,3.7522704434236225,0
1.735343166762044,2.935678393147461,0
4.720169166589619,3.2715550949941585,0
2.625667347765006,2.721672064043235,0
1.1428424435837174,0.8709482287827708,0
0.9291075019388877,1.4754797337202263,0
2.482472415243185,2.489374561227918,0
1.7765372146741492,0.7778721911080546,0
2.714000494092092,2.712998430172388,0
2.473237624573545,1.759674601841865,0
1.9271710873431271,1.6251791924504024,0
1.153206281931595,2.7109599682034915,0
0.48515277531413536,2.44426331148604,0
1.553485047932979,1.63903383418092,0
2.8563987943234723,3.159329803364248,0
2.2140937441302038,0.9189366724001027,0
0.754261221288012,2.6159356069442636,0
2.173180925851182,2.593101257968384,0
2.385317379728837,1.6904535606860098,0
1.1161425637988671,2.326133022242118,0
2.153725105945528,0.748886423614697,0
2.058208718446,2.924027019206901,0
0.8570297021693769,1.815097863557011,0
2.3577873603482833,1.4772769794809606,0
2.5607845263682343,3.0490092258368895,0
3.083051243175277,1.2956563094572409,0
3.0538020520349027,0.5915387036364403,0
0.622330632042909,0.44337082647609627,0
1.062174960084877,2.60600995134564,0
2.5150352672086598,0.7195706475037169,0
2.513785950912209,3.754794181984365,0
2.515047686306048,-0.08192940788372205,0
5.852731490654721,3.696456368290038,0
2.570890510693167,2.2110174672026184,0
3.135565640180599,1.9032868881296077,0
2.9540017634932023,1.4550809131910503,0
2.651391251305798,2.399136114352071,0
1.6847307553596544,1.9623652975751515,0
2.7589692204932676,3.1033018820165212,0
1.2271747854624282,2.1142276486620397,0
1.7631813932599911,2.150301761461878,0
1.5146364521708966,1.6363877877861441,0
2.0818741393863225,1.9430543762789325,0
4.314658566673509,2.3078017688920593,0
0.13273480740825194,0.28983160734337443,0
2.6862601903745134,0.651814577894287,0
0.38728412881034835,2.743264094022715,0
1.5280681342105664,2.170865438127942,0
3.088950596967366,1.816016663647321,0
2.0642800190954627,2.0184339330653933,0
0.9222552220706939,2.347581705361671,0
1.2846962907400319,1.4602403196906386,0
2.679597748934676,1.2216952745976872,0
1.2696333682828633,2.1958452550976815,0
2.216458589581975,1.0216272223849678,0
2.045571839903814,2.408252755714472,0
1.3483996523941828,0.2974163957621596,0
4.143944089325325,3.0291556373256436,0
2.633919022318011,2.4725974824130432,0
-0.025142586657607158,2.2560297343138758,0
2.1864543147694278,2.982690983945514,0
1.338213535231612,3.6654744444625766,0
2.852433334796224,3.0143700650181304,0
1.2074792615672993,0.1591257686683547,0
1.885263558533101,0.7204230332642985,0
2.5049872789804573,1.3751814223043213,0
2.8657551941701214,2.026091050210834,0
0.7997035929442238,2.517659020469123,0
1.6654987641590515,1.2742561868465345,0
1.525054688839044,2.1867667644770785,0
1.346670767426288,1.2446170676466775,0
3.765454240281097,1.3884821970080519,0
2.4049817109609557,0.5933389031517777,0
0.7391160456649548,1.0767667538890957,0
2.917861947054776,0.6483153943836664,0
4.122156197012633,1.0241267470226671,0
3.032465260551147,3.0536417966078395,0
0.4806300340459866,1.0506011111680569,0
1.5157659271337487,4.63238206483739,0
3.2669111491866225,2.4933179008808892,0
1.2923305343812193,2.1848361236948737,0
2.443819428146228,1.1416422198187863,0
2.7746340534293368,2.7003098794089913,0
1.0730695284219172,1.424362173762226,0
1.9404746439382,2.1220098146453616,0
-1.2412673400690726,4.560084538268795,0
0.9756123586657102,1.9039401002753502,0
1.7474318486068396,3.149273326285676,0
0.7522168180351505,1.2968235748741126,0
3.6324113039316352,1.9650115095030383,0
0.5698586220393673,3.77080063563551,0
1.5599555133030163,1.3730329422122325,0
2.1307405772860912,3.8124485579969285,0
3.4412732890661157,2.7077519354554753,0
0.5641378488205606,1.4375332241057324,0
3.1631637521549596,2.632407739055521,0
2.010233061019587,2.9725544496267298,0
1.018491348952049,2.6218099622171964,0
2.462103474263271,0.4297752801095436,0
2.19905969557347,1.2728628241751314,0
1.3997831228412054,1.7524813644484953,0
2.0698020849900187,1.9255665708999536,0
1.6146864031382397,2.620672097550678,0
2.113517345251248,2.177701000933254,0
2.6621306745210465,0.6646556412898987,0
3.586016816145352,2.3801978510059634,0
0.762184501173151,2.610585745283823,0
4.133033374656266,2.55979044793104,0
0.04791220047749811,3.0807807255546216,0
1.8482149049644168,2.833922154548904,0
2.5883172064845765,2.4591800792284366,0
2.2809918677350325,1.929834288541353,0
1.3773004801794062,0.3390390664840086,0
1.7918777496427247,2.429618219132586,0
1.5069990653411671,2.2076876871631113,0
1.4106352430557885,2.2715788371953733,0
2.8496020970210245,0.7232514241796906,0
2.3570154859650474,0.9189434595917376,0
1.3070904047393457,3.0531528533329038,0
2.8995998754332506,1.960444846143345,0
2.3072995208766094,2.6815006973726243,0
2.81286211883896,2.028318376130461,0
2.629628841923612,2.029756139495745,0
1.1710049890779277,2.9382838059759977,0
1.4398189598030304,1.483955271782626,0
2.7472936051232617,2.0961207769409835,0
2.610370265433465,1.5377247112949575,0
1.9790984060358519,1.5655037725676844,0
2.117327383308782,1.6908278765313607,0
3.277664895788425,2.222133771633713,0
1.4084286111641702,1.5212513783365227,0
2.5470973811700377,3.255756125573521,0
1.7978073475661058,1.1053926977804962,0
1.7823187967727798,1.813128355838641,0
3.09877685198719,1.560268941725825,0
2.8254163489880297,3.446977884353733,0
2.8135096360006386,2.1965547765115745,0
3.305478807154329,3.0318445394686346,0
2.021003841632759,0.514439626963028,0
2.681952971294964,2.267050265869259,0
1.689733243406544,2.889630795623437,0
2.324166352488442,2.082283989275424,0
1.8698569456323155,3.065480375065351,0
2.0969959649927183,1.4827115498996277,0
2.5951570254369134,3.40934744018558,0
1.1817793167665274,4.29889812361925,0
4.092387275685461,1.6371614395603409,0
0.993982618500298,1.5544974785992283,0
0.7858113872122678,3.4533844771177007,0
3.1581108735000676,3.5795721457307126,0
2.7916626939629356,1.4771399728467318,0
2.624119817052155,1.5798131829041426,0
2.62834550926428,1.7182153911394928,0
1.9877532271530853,0.655549488965723,0
1.1027456285141684,1.0813480535158018,0
2.0758045581937266,0.9958592332479321,0
1.3228382884878882,1.2322024348958716,0
2.9751197334177513,1.965315112613219,0
1.8529426184978615,2.234214732536521,0
1.1745028032074885,3.550500492814077,0
1.6786141583470067,1.001645959261209,0
2.412931454275624,2.984322398476584,0
1.4362754471960253,1.786011155774491,0
1.1777796044335687,1.9505362903475671,0
2.2436872114919124,2.6748194921666038,0
2.2449665711087228,0.8772779784377014,0
1.4930568246288702,2.3824097461840505,0
1.5289616943816773,2.166452208213056,0
2.2320499373576363,2.492451264008149,0
0.5519156585026759,2.2891686439078183,0
0.5925362256234448,4.455300139910895,0
1.281555778747564,1.3622600157486842,0
1.7865528482881528,1.4690030449981824,0
2.3109075655980047,1.3768594735752355,0
3.475356216949552,1.4445228808397452,0
2.8576596232020193,1.3626128726934823,0
1.840061470036573,3.189016531107552,0
1.9809837920973112,3.4205042479898546,0
0.9974706353621912,1.4292537062505237,0
1.98148686400761,1.1676444268957713,0
1.7113413610798616,2.471415556386404,0
2.3227185603380893,1.4477769557190288,0
1.172769056447677,2.6329318177555106,0
2.5193465142411724,2.2029230208512995,0
3.5327389130025777,0.48425588500276806,0
1.8912398515431423,3.5475052013300616,0
2.4017117220989412,3.7958776730955215,0
2.6901439917111123,1.3872113095156138,0
1.5987795281141637,1.612298440064016,0
2.2240924818104166,2.285865390724905,0
2.012592400781795,2.334456789987025,0
2.0976760985488316,2.6585442726728306,0
1.2269902161445336,4.01020453876635,0
2.0245101742589426,1.8230527725059507,0
2.49799829124545,1.2017027554615463,0
3.451143607795042,0.6206807719854728,0
2.959270826085207,1.269069960058081,0
4.153182457511557,1.966873027126203,0
1.2326524371119505,3.7945578635177877,0
2.872320636720678,1.4823887009638286,0
2.1833420057383517,2.2237879516388985,0
4.189802933217672,1.9835771039272478,0
1.1917017146448485,3.188393273448084,0
1.1602781578192238,4.526932425873621,0
1.4006073545559778,1.4691312270796795,0
-0.12389572430980689,1.510560557481778,0
1.474244978319239,3.0441608770690722,0
1.240867338446302,2.6818914896263113,0
2.1503937864762075,3.8467073257360336,0
2.3417559757771595,2.5839281853259637,0
3.8761708392158862,1.6407079092129404,0
2.95042383818605,2.5906548306923094,0
1.4230963443375968,3.1087035805829077,0
1.101585328651642,2.820482181197364,0
2.4919191715065057,2.507274031107298,0
0.6797667929793578,3.0666746895891537,0
3.8314587658543537,3.1692955904456728,0
3.179440120721287,3.382158991037527,0
1.5308243478952952,2.648709887589643,0
0.2868654709091225,1.8328819196831456,0
3.353872374165413,2.1467136864333227,0
1.8854601547473822,3.206508966508357,0
3.2378163119734618,1.183064329012764,0
0.4055723412056329,2.3686733088729013,0
1.4006249770462271,1.6066611876726393,0
2.005243699718183,2.0287448229348173,0
2.046980593764742,3.278451862607299,0
1.5499345285207564,2.1910990680199034,0
2.6228499323474987,2.046436548156149,0
0.9323795706174056,0.6401438590200808,0
1.8576205149787066,2.746253566027221,0
2.120295631711899,2.645484181141075,0
2.514438834058749,4.16325472330546,0
2.7116148780888896,1.692221765046999,0
0.8753579081621308,2.219150327663939,0
0.4658858292643777,2.2493836837107555,0
3.277676821898509,3.5774532797634744,0
2.3323140119795918,1.904704467613048,0
1.2515134634434464,2.2790215257703395,0
3.551151975522523,2.6078965097165394,0
2.1156746342928585,2.1866091231563582,0
3.1792971840638264,1.5535663854494717,0
2.067518481410109,2.1940899928983075,0
4.060747924881987,3.0736317498597723,0
3.7553408424432044,0.9734847005889398,0
1.7510358515209266,2.132969674146876,0
2.9715709509543555,1.299879185060827,0
2.6453759495851474,3.1950466289248425,0
3.368631557532349,0.4768130952162253,0
1.0350765394198955,1.4410781527284118,0
2.6860514599984393,2.377211875064521,0
3.058424486849588,3.56552402923434,0
0.24126051357688572,1.9342497389270121,0
0.8167414873342249,1.4448004733068016,0
-0.03923217776010057,3.88115706944059,0
1.7305931655554423,0.551986099583756,0
2.717542255795962,-0.19880595662008194,0
3.502357052096028,2.4400144500533325,0
2.074094780419775,1.4979457756473888,0
3.628615545571292,0.9787671828692868,0
0.6198985417851086,2.7083564472993533,0
0.29661756064484535,2.243800713771199,0
1.9444523011033812,1.4359213692632715,0
2.384065448939307,0.7196956013291056,0
1.9673052519059069,2.8724573282801447,0
-0.0674421000398766,2.650201177958661,0
1.9108799604872115,1.900824136220617,0
0.6955304994951468,3.846636996047666,0
2.6696725488300386,0.9299152336738474,0
2.3665982460968484,0.4744748290752612,0
1.0601202136726449,1.3080919301187555,0
1.4861330826633066,1.9544139836445023,0
0.9407864781110484,2.2433394493226917,0
1.937320902726828,1.75876394214367,0
2.9551423205012384,2.352055396514297,0
1.0142739536644563,0.7484605758095559,0
2.504046515517844,3.4437646040732597,0
1.4697423816275592,1.9178488216074312,0
1.2071271677376558,3.1172958315881276,0
1.892969640045442,2.342725346377704,0
0.9647576775806259,2.456753219153784,0
1.446350694652818,2.569767280232204,0
0.8021221074111515,2.4477085600173147,0
3.9647251329163895,2.642722759867544,0
2.035263551971729,3.3291525301324314,0
1.3002744920074143,2.19652116970147,0
2.213979910734222,2.7090037575885124,0
1.8876719503091701,1.9102643057127733,0
1.779030400466777,3.440117215449473,0
2.614166700043425,1.3236076979407303,0
2.757507710047305,3.8009404329108154,0
1.4694988523894725,1.9598420493556565,0
1.4241817593553199,0.5692248978819519,0
1.724948302848356,2.1281044149107893,0
-0.30192116473558483,1.3189483425251192,0
0.48480893780144774,2.840643548988724,0
3.3668742674445244,1.347376020697609,0
3.6449677135012837,1.5538165667852204,0
1.7509639604436216,0.11045926905446901,0
2.5765569630557663,1.5476936807509234,0
2.311250154543536,-0.42387932662895667,0
5.078880808455238,0.4160971765142767,0
3.1195749114345768,2.7604146561442975,0
1.8720824085192334,2.785800158650832,0
1.0444595593995742,2.425457561784965,0
0.3935536797424275,1.033023856870787,0
2.203463635867223,1.95228864385802,0
1.2436492547156965,1.9963974609094315,0
0.5777462904023258,0.8416353108074572,0
1.3534271157574733,3.5033983017671506,0
0.918451996385605,2.8773622905756713,0
3.6871416350725648,1.779035826170336,0
2.8816397569494505,2.026885838994531,0
1.9920273586833825,2.2083828079475527,0
3.479944138890026,-0.04173486842429064,0
2.0773683076476184,1.752822617479403,0
1.1387157986717362,1.3180157520022013,0
3.5231240772696575,0.9983799901050845,0
2.5389100436846586,1.718899707114045,0
0.9627538456735436,3.797686526849523,0
1.8096613219163917,2.64084286126701,0
1.1243817466152428,1.4288210102172032,0
0.6172002690356639,2.5725827813561586,0
9.399355436586003,8.778361076166638,1
8.924633682912768,7.448814283671466,1
8.059630369920175,7.1818011165776925,1
7.353063222294426,7.996625542589048,1
8.69822331361359,7.829815377475072,1
8.39348538542175,7.546771950672725,1
8.895193220027732,8.696387447456715,1
8.63517180168197,8.955305208570511,1
9.049552715319335,8.088406886291848,1
7.464764788439432,9.477530081055262,1
9.317394065634325,6.858310885866495,1
8.1975996046924,7.8063405407202815,1
10.075260872625265,7.283177679397195,1
7.310812181910432,6.13346338292694,1
9.73596380316525,7.917319314157301,1
8.197910783462648,7.878252491616716,1
7.348581996385551,9.51344974324213,1
7.5161141659456785,8.630811684554777,1
7.67965269180568,6.975813175670795,1
8.424165946401917,9.854092566334188,1
8.522835488035499,9.221033695525353,1
7.426299996061421,8.582097703468616,1
7.975645407739017,7.773515901150168,1
10.142270358611864,7.04056076327652,1
9.727543170100711,7.627793223928947,1
8.436323669674032,9.088748619704186,1
8.0380034781682,9.88458630593461,1
8.12003132671826,9.543243528272189,1
8.613517972730417,7.511150578213726,1
6.977207434801595,6.880382566710988,1
7.742623462576655,8.140886246911204,1
6.3314159261224106,6.231560634437148,1
8.39922312260528,8.323167714184782,1
8.64719593970274,7.852397413701332,1
7.516813537700626,7.533963498131758,1
9.573986763290034,6.405296932733204,1
6.774234336997659,8.513600106569717,1
6.53562511979018,7.467299160338088,1
8.224451818559972,6.830083164289712,1
9.047098302612154,5.127737786718351,1
9.68392769145787,7.972485094949364,1
7.54111573713106,9.772251596669744,1
9.078680833431296,9.66125921454787,1
7.961491530499293,7.542903743413728,1
7.82737270005918,7.39778793963822,1
8.883659937486673,8.468774256075024,1
8.65232287841342,7.001614560811708,1
6.42360784301575,8.301791899819467,1
9.476540349725896,8.76608027838469,1
9.380091354147451,9.226933223884307,1
7.374437298490471,7.899845923520047,1
8.395803533437409,7.796326249823034,1
8.494030186282739,7.122017413243439,1
8.260673765823906,7.17311964596014,1
7.44969484615458,7.773521108098473,1
7.328376632061948,8.367365506816178,1
7.974445929008555,8.913584626233249,1
9.172729019259364,7.196821049319655,1
8.543600154594433,9.492688568959522,1
7.629385667913894,7.728876398957431,1
8.771698710648344,7.978632705651564,1
5.1514573793699245,7.252788320852177,1
9.148765700372103,5.575759739727058,1
6.2602862212219,8.88404539636105,1
7.637559058596868,8.736843897092433,1
6.880330105373856,7.718672442881787,1
6.705318524279094,8.066990717224872,1
9.16082678737852,8.5159392177041,1
7.5322987986881085,6.437454143113458,1
8.346503881730715,7.470947322653705,1
7.953079421120816,8.794264679621827,1
8.47704082722312,6.745710576830751,1
8.076821891060256,8.29355793216663,1
6.71700777581143,6.643418195376595,1
8.99626681944714,8.466429982433526,1
7.506243416838688,7.964358517702516,1
6.443418101340249,6.384868184094491,1
7.571884839034087,9.164739354457172,1
9.50075979063431,7.265408423201951,1
8.850221742113494,7.189747562985619,1
7.6513478655921405,8.200569197230942,1
7.650742295681571,9.148637349428714,1
7.678364948782617,6.984178181021603,1
10.076747983560841,8.061679849847971,1
8.381935452231554,8.428816500330573,1
8.43004164719107,8.693105607263144,1
9.030283454031842,8.176441555277226,1
8.238789159026513,7.632972160916678,1
7.740957854179297,7.17240977935128,1
7.803650150915022,8.086143883046375,1
7.928398740585936,6.927860988014393,1
7.962777763490158,5.078649516505393,1
8.72762954363698,8.436559804157667,1
8.0519458858073,8.903934841086196,1
8.73264007721558,5.637067564458162,1
7.919283419891418,6.990269295290062,1
8.07863519031609,8.619154261005198,1
6.001799315467892,10.057495469711698,1
8.916327674702481,8.020793707675407,1
8.346488475897992,7.271997058770865,1
8.998010109859653,7.81710355889516,1
5.10374462180631,9.374876419148185,1
10.088374704780728,7.354035820875465,1
7.860410371844826,7.200807993349747,1
9.108182816737516,7.517256477817968,1
6.960094072874469,7.046671391741287,1
8.61277390506257,8.122670315994796,1
6.946584436826344,9.62467845846956,1
7.376231039304195,8.32307927311603,1
9.914031353866786,7.7476464978737125,1
7.809317599236653,7.708188731084456,1
8.217432873179723,6.436809191303343,1
8.870067730688755,8.883109777147158,1
8.495681887972605,7.922162802987198,1
8.150418905143576,7.819520086409375,1
8.364961002466226,11.19310756784486,1
10.403415585238275,8.298752908365687,1
7.9423812029664145,7.248208949904816,1
8.201099046714967,7.573642403794457,1
9.050654396007612,9.148445709196755,1
9.105525932957985,8.113270410537764,1
9.18703030556038,6.561722021682633,1
8.638730222029185,8.919228934575203,1
6.8569950872695165,7.331855914461006,1
9.633431532301096,9.873297776217546,1
6.853654606981312,9.08004806571465,1
8.302635465239034,7.552678104341249,1
7.245724149980642,9.281016361735112,1
7.935861653407008,8.067855510527403,1
8.328762410303481,8.852773675122219,1
8.321357215450274,8.484732817294475,1
8.421920754235284,7.153643345009127,1
9.613711269058648,7.356450167682538,1
8.45353430151398,9.029960817581161,1
7.755843364709351,7.665224667893459,1
8.964087168288357,7.596351536758004,1
9.189470488924641,7.044877420650647,1
6.7723921848630075,8.42359906559346,1
8.597400069849858,10.062524919243145,1
8.701172742310899,6.932467085745727,1
7.702436496640008,8.024219456672759,1
9.37570681331162,9.412220555415429,1
7.849944412967473,7.9203586087542845,1
8.125576453471542,8.452371796249734,1
7.82692817571613,6.937606471853121,1
8.015579047581468,8.428307097207648,1
6.903724913104798,7.812855734995451,1
6.559949117405706,8.985729995679863,1
9.594505063224972,9.18738605156475,1
7.153038651681673,10.589563642018614,1
7.008607650543693,8.579633173213576,1
5.846609886396285,8.325796316582167,1
7.361038252310498,8.194384301577337,1
6.676910206592502,7.6468337071893115,1
9.642015160136369,8.338483843461692,1
9.009817089342635,7.704598589860971,1
7.311849654822276,8.168460976269614,1
10.252435805344309,9.317597535607959,1
8.981765486991595,6.993457434720359,1
7.675168616491377,9.139878561129045,1
5.500594285126427,9.317115067339865,1
10.290942572590742,7.881931473008922,1
6.610427533236404,5.878145100991405,1
6.354601253043108,7.392178012905568,1
9.02257043200964,9.296994546561109,1
10.439752406339274,7.977131937701118,1
9.384272818510517,7.0006977677050894,1
8.56390912005236,7.4952250787717825,1
8.594754341665286,8.840620026504553,1
8.853415558780307,8.546733568201379,1
8.758928589786764,7.761067900830306,1
8.281191423969375,7.6331755881853125,1
8.104201103951876,7.608241850956178,1
7.937406872100477,7.077589815501497,1
7.246035411133324,9.615375689469442,1
7.719324923133226,7.6776795307886605,1
6.3070431858046145,9.217158520825496,1
7.90166037320525,9.521316051922451,1
7.011408892849083,8.99831089814796,1
6.896410682784229,7.5683796872819515,1
8.179894151153478,8.403730090336609,1
9.3920022863446,7.975804393609084,1
8.918316606002312,7.096298139269872,1
6.429499396376823,8.324359281721604,1
7.010371863429662,6.820960208840198,1
8.940771187988215,9.187679388461564,1
7.017512606461691,7.535382702701607,1
7.775366850002976,8.20115965587284,1
8.550052099024551,8.283287871546142,1
7.031655545136365,7.741095026295922,1
8.10537550614596,8.586693801475274,1
6.665974505081795,7.525096343377475,1
7.398632356048786,8.871297297457245,1
8.319781934142537,6.6540203197532515,1
6.407006266468331,8.126379579546413,1
8.440474737960399,9.938928999058284,1
7.980362201073318,6.9996686753944255,1
8.552489954417148,7.322255029475149,1
8.223914134064662,8.513907849658915,1
9.364140429973844,8.179581781939598,1
8.125224502647907,8.350630099273559,1
7.570594458874747,8.489187130147663,1
8.122297503032284,8.63472146856177,1
8.543298029036388,9.109699841956223,1
8.048860070325704,8.409818656928513,1
8.040591691203883,7.7587423453814575,1
7.298008312193245,8.672573701202731,1
7.337099082449052,9.899881934895216,1
6.597394728200307,7.867366253617426,1
9.749576743186939,7.025470695329359,1
6.756136764608715,9.107080669286972,1
7.307094802204093,7.879618836046402,1
7.281592734430802,5.827330453985963,1
8.894924376944441,8.847421677150422,1
7.705050321707972,7.464671814046078,1
9.247742072673734,7.909466717695839,1
7.326509375756132,8.331980330569014,1
8.278994162223801,8.190499679779066,1
7.164652946740243,8.709451817139039,1
10.145149127773388,7.564513629430157,1
6.812401580970487,8.513105798176083,1
8.309820710227028,7.740453322416083,1
8.633776880932098,8.738810480887503,1
8.413799097451498,8.615367484013053,1
7.814712341122291,7.064561297955405,1
7.870179300266574,9.085982116175032,1
8.04381147197911,7.464036554885952,1
7.852997998371511,8.808057798281146,1
8.96387911679491,8.367287313401341,1
10.210523001591351,9.838183676795122,1
7.442508214992166,7.776534017628148,1
6.630197020420923,7.650683203881803,1
7.911717951648745,7.980580394112267,1
10.579709337654318,7.696820217165724,1
7.196325432030269,8.79994190194205,1
9.639116805444068,6.383689391563412,1
9.677700814076442,6.946317580853646,1
7.4464117582920055,6.932197078420807,1
8.568983079185275,8.950307591973576,1
9.628396623128538,9.710613372581925,1
7.620872259012513,7.8955507814625285,1
7.796419639897638,7.83117827680999,1
7.418319086051357,8.070052163113182,1
6.985243269307134,9.16187830260819,1
7.350722454933993,7.072646865809426,1
6.7760597332377435,8.238368982734785,1
8.034083468259226,8.97519762978243,1
7.230026768941358,8.501094169939845,1
8.233785911790747,8.189581616598744,1
6.444104353796373,9.00104609256714,1
8.330880232214458,5.296767707000763,1
8.833528961608925,8.677875319530907,1
6.006264357428544,7.345924316872576,1
8.374056569847571,6.169367103143543,1
9.227668992473292,8.511202599524982,1
6.790358981308795,9.373658545162957,1
9.672572386837704,7.862551485372308,1
8.419019009366044,8.952874547202939,1
7.294988144241591,9.612278257988645,1
7.944230922342294,9.314914453584047,1
8.558326912521723,9.639964529371394,1
8.076005391412412,8.742127491071892,1
8.538755992446369,8.075433638901593,1
7.079326406920634,6.398034188102832,1
8.169360824036078,7.753937511870052,1
6.58628550309502,7.156753404683808,1
7.888773938651299,10.170942717497814,1
7.09609235853521,7.824114187567663,1
7.264470057410233,8.123204806784486,1
9.236093175210437,8.551485376040468,1
9.091310120594269,8.043602446372454,1
8.609138120907177,9.695051040430753,1
6.907687235327421,7.377350638265548,1
7.683591550305198,8.194607455237243,1
9.213097699979183,7.257529414301952,1
8.141716913639904,6.679977488779294,1
10.319329539981695,7.388230909094714,1
8.393317839394372,7.962963202951588,1
8.19204911649003,7.57069777548274,1
7.690883535797498,7.307579020126144,1
8.133540904782283,6.593682536328166,1
7.8475301636194565,7.9168944273713056,1
8.70810867668859,6.4952796259689975,1
8.956702316794583,8.760055963689602,1
7.21401053949205,8.082439752934503,1
6.6687670464422215,6.54244850053507,1
6.163794626896704,7.6907909229501366,1
8.507991326912544,7.247843594409417,1
6.896633393826127,8.319174510419181,1
5.847109407047517,9.340450446023144,1
8.388578604530965,6.124827530354255,1
10.492999517432791,8.115026079147418,1
7.993929088460106,7.83986720443336,1
8.838490774451643,8.671340076450466,1
8.081829358547566,8.21319662823769,1
7.901110346808857,7.248030668261181,1
8.91907648298777,7.680946064333382,1
7.709725455811348,7.203974143196511,1
8.267392314071904,9.076007138598598,1
8.321697806196013,8.021311648671942,1
7.331909546356951,9.901190685753008,1
8.992042349536522,7.9393391861853795,1
7.825040243304591,7.291593233089538,1
7.244254840507155,6.486285607387173,1
8.536509843570403,6.196860323744055,1
7.101532018208963,6.4158640569945105,1
8.028181157369128,8.267126651011484,1
7.990881003355796,8.508725023229934,1
9.085895565831578,6.418809297967867,1
8.474698232879954,8.895038314076116,1
7.974973041254856,7.516938948316561,1
8.817766299200287,8.14679301198555,1
9.390207549017314,9.612220628255425,1
8.557810306351863,8.896839315865531,1
8.010352619843381,7.731469352094168,1
6.68816376764984,7.1088077745847125,1
6.934886336924627,5.848184598670695,1
7.694775295645332,7.28084668075758,1
7.390487797840716,7.788869761172306,1
7.813028697014554,7.012820472848816,1
8.056649924897107,7.8687430329076955,1
8.52969275435673,8.076851882958769,1
7.9295012219409085,7.775144018191922,1
8.486501643826202,7.349997419176541,1
8.064474414810121,8.168654671966728,1
6.024533433646129,8.441940649569409,1
7.060664606181246,6.9096009225571535,1
7.855912444278385,9.41093237974627,1
6.790305257158892,7.901411867715738,1
8.599928729996204,8.018849622944847,1
9.530750832343697,8.708214423256557,1
9.218761851697316,8.233216131263502,1
7.786557129069792,8.953136633913244,1
9.490726136849952,8.287124165201824,1
8.148667457202112,7.387562625359562,1
7.662914028881961,8.361503525206102,1
7.38659733645906,6.856273792679338,1
7.697530313511872,8.108559705776523,1
7.611823181458771,7.966770009355539,1
8.170416222375488,7.79188314272746,1
8.160573981049865,7.871462488561069,1
8.003046020153414,6.118150954502361,1
8.43693816974635,7.4512750922590385,1
9.190646274786342,8.092844901141115,1
8.949554135441323,8.159856391997401,1
6.5151020315500965,6.972324859074042,1
5.446078865098045,9.265707840864701,1
8.934319911239275,7.1338251517855,1
6.633121301584579,8.969457200526737,1
7.775234598107317,8.427194361871685,1
6.82988697394064,7.353772690156197,1
6.19801956241998,9.775310892609513,1
8.541462728204788,6.80636316824352,1
8.759155160302647,8.919154173610002,1
7.423489599273281,9.000582318042978,1
5.40895770785509,7.329379790923355,1
7.453755551747517,9.392465300064329,1
8.391804005402546,7.749953485401047,1
6.521088431225872,8.288693629279857,1
8.183359919779155,8.26032183877122,1
7.984690150827005,7.865691258529452,1
8.579291499601089,8.810808273159783,1
8.119580368414153,8.793488720552213,1
7.026931059118445,6.2514680267618195,1
9.196571501664492,9.304340242878153,1
7.84147042697303,6.337508011964326,1
7.972695460490068,9.032546204341656,1
7.066732040926804,9.126705136827583,1
7.55671774880849,6.9090335697848015,1
7.115197285973099,7.589185712045415,1
7.827053940076577,6.894295331514064,1
9.711708480142343,7.785078969711265,1
6.628098857068643,7.691965715814259,1
6.386438602123259,8.77966053226934,1
9.471170327493608,9.310308746119608,1
7.7906763228481335,9.395683810789956,1
7.330927261340084,7.437831973421698,1
9.039904687396076,7.790778126255472,1
7.394384460263136,6.31656180777905,1
9.826009713546936,7.194129933503811,1
8.67792587133927,8.964851633097458,1
7.5120885918542974,9.615582823548232,1
10.157308213265503,6.765651128120078,1
7.3942850769966615,7.407535740847106,1
8.742095372009308,7.973594243041073,1
8.299292580406492,8.280161158819606,1
9.301741289398798,7.190396480078354,1
9.561511196726853,8.42406104446409,1
8.032004149065767,7.526160652929084,1
7.246582129653817,7.985547729121721,1
8.459972142939117,8.5462842480037,1
7.322284630247894,8.006422269810939,1
10.013387247526623,7.5636141094734315,1
8.136535331082737,7.890390196074169,1
7.634678448687891,7.911637040794664,1
8.184680305864909,7.629988970117872,1
6.6528737104703035,7.741203937332898,1
7.028385961489349,9.598647170504718,1
9.200413907944425,8.560919447941238,1
7.343105721028604,7.704519681970839,1
6.95308901731806,8.696954404510736,1
8.536652752527287,7.66618051024399,1
9.185704154662997,9.17312463758664,1
8.718953310665066,8.369642192198095,1
8.996047685805816,7.892697855995771,1
7.2432049114305395,8.447716925810278,1
6.578189333258156,6.429123847931501,1
9.501333651955488,6.873232531090195,1
7.677320161157864,6.806074993600944,1
7.749166983544953,8.142943094763707,1
9.328194141849059,9.732514999485092,1
8.55623000940066,10.231300146192632,1
8.455887772081608,8.638051101440757,1
10.165002344901083,8.500844474944458,1
7.356481769619857,6.198942265847261,1
8.927840128081238,7.457326200265978,1
8.057013124897084,7.212216248091761,1
8.268592278863258,7.379152401748884,1
9.528468426412532,7.83185618141521,1
8.507835756289623,7.527909422302873,1
8.538296079049633,6.020700189624212,1
9.072507337309801,8.747910256117533,1
7.635047270457115,6.927256974260193,1
7.160790332660993,8.23924686411115,1
6.955190805978966,10.074082669749973,1
6.0336434106239984,7.080615408413577,1
10.056207129940322,5.469712477253671,1
6.896791634278317,7.713995778119889,1
7.778746376414228,9.10095963499857,1
7.723186700111079,9.958347454220593,1
8.307406697809101,6.770450405547583,1
8.815737212539297,8.496699223236522,1
8.860473488359744,7.5346895432199466,1
7.416922561431061,7.894051645695864,1
7.832878286213589,10.644343347017035,1
8.2825799504883,6.497029671604847,1
7.751308873816453,8.253739661494574,1
9.607345576019993,8.467693171765433,1
8.49097495163825,9.085786324939347,1
8.734877786049818,8.097983153470896,1
8.662881268667412,8.308050539504102,1
9.173473857485325,7.608351432578209,1
8.181021558703707,8.269126941245107,1
6.703168052044154,7.656807724502589,1
8.399687951752641,8.621571889856051,1
7.348643106208171,7.630389663956366,1
7.471383318250243,8.377100393902186,1
8.586364018755093,7.970737186315022,1
9.238283071433635,9.126050250772169,1
8.021271576736062,7.948606276411514,1
8.308833012598964,6.226967531793118,1
9.702214944635237,9.261921500713992,1
8.240753179488568,7.094267699137381,1
10.601683114180394,7.34623366135118,1
8.565509645631543,7.404338705956508,1
6.239237240844182,9.374438093170816,1
8.753341621104532,5.864325786021304,1
8.381158384882777,11.137748533659995,1
9.289752754082745,9.056056809066051,1
8.673181351269958,8.22323891412916,1
7.861544016016226,7.945105999383713,1
6.775701763710634,8.285554074857657,1
7.7909767427139744,8.52112242837934,1
7.1494795457907,8.645215585950057,1
7.419476550195277,8.555604466003448,1
8.588578404420609,8.08958068125525,1
9.669904504351406,7.802661579692674,1
8.39467152982298,7.848726716346488,1
6.804116937964816,7.805091719647319,1
8.44460266822014,9.133770096867064,1
9.196631486645652,8.593556722280862,1
7.390217095680618,5.059611365335719,1
7.865982833327083,8.65590077652976,1
8.014688194729198,8.194736194718775,1
7.21510168691776,7.981291243554103,1
8.648280433843858,7.611481546911114,1
7.8790518513922185,9.124112719986014,1
8.419532443907027,8.947526462122857,1
7.1125078221979,7.227122332176391,1
7.56254169967659,8.407052287124536,1
8.722381357827771,7.028343265458714,1
7.627166847908233,6.620381835211069,1
9.726963851233405,7.3732827754100345,1
7.600363814385398,8.86239347238276,1
8.224684725751885,8.953125045376087,1
8.93259083187309,8.513085420097292,1
6.581634267066969,8.725095786847998,1
6.239191188019224,8.516178287114958,1
6.474343685429905,7.3585184047770476,1
9.262584103427182,8.43192254467394,1
7.448141854107553,8.800409525227682,1
10.558199285668252,8.754291329813574,1
7.4357524013426115,9.188913371474642,1
8.184551303197036,8.708303847201064,1
9.542109952567875,8.351448207541583,1
10.006092888159124,9.070150238316428,1
10.061503576636397,7.97347874075094,1
9.208366230593143,7.118125348772282,1
9.024062525811463,7.836933036056236,1
8.592526949201183,7.255097355193551,1
1.3248217250256185,8.57061299721953,2
1.855481329284482,8.968184660532861,2
1.2075800790000386,7.668691616816678,2
1.6920384703609597,7.38776326549225,2
0.10638533304621434,6.914849473442202,2
2.2132937073729386,7.174589470021045,2
2.0012054753622244,10.949094425308726,2
1.1829113689318094,9.244679580736786,2
2.659245668432405,6.648925633791979,2
2.937570137626558,6.67754204325643,2
0.39244013563102587,8.481866061718492,2
1.2372752214337859,8.547264797377967,2
1.2308576502127018,8.548883835317364,2
1.0600968988911355,7.745044206446302,2
2.8294748419317486,7.8745457399970995,2
1.8061738612271965,8.327879524159357,2
1.7354851586893894,8.08589300629333,2
-0.0038623644067534713,5.780699627252465,2
2.6354180302092263,7.770200369424806,2
0.7607416051465274,7.148593565739686,2
2.0599326302663283,8.175211418908512,2
2.277376937958192,10.98525900260341,2
3.3606585958386512,8.367481665474305,2
0.6911796008808879,7.686470313827602,2
-1.0195121558208253,8.921801501977253,2
2.183849544753695,8.482687887209213,2
3.8005111815108537,8.420094490451842,2
3.238946352939437,8.606850593215672,2
2.2096594152746256,10.056543564829541,2
1.5083638143679527,6.869111564674085,2
2.8071225966373103,8.473632076811455,2
1.0264538002955312,7.0736188700184615,2
2.4763577693562193,8.555512646342248,2
2.505470159166627,7.0813134885139055,2
3.06020990749888,7.582633186394916,2
4.759660038911077,7.704910085762093,2
2.392415967178767,8.975816719344708,2
1.4910363742925012,8.918454443942414,2
1.9744256878080055,6.754282623553616,2
0.23092409511088174,8.054934110999849,2
1.3052868689109418,7.2904201452508275,2
1.590717561886896,6.7414950893246655,2
1.4759116020654075,7.782982949575629,2
2.152354872033722,7.6915172115441806,2
1.1775800676177994,10.426716486345523,2
3.1210306673244714,8.432959825360696,2
2.000207064918197,6.622382499245763,2
1.9906996788613855,7.435225995829057,2
1.6721052834870822,9.021383295429398,2
2.155190683858979,10.088442772869925,2
2.8250982646676346,6.414016687762041,2
1.1328697842890998,6.120075614860955,2
1.3418835109247433,9.870965175371783,2
1.6962739712233352,8.389614177370904,2
0.6541290765267851,7.131707268123634,2
1.180742140278502,8.534629086122436,2
1.523779126455341,5.364252260983122,2
2.8743891807127273,8.00337550659716,2
2.262561329001925,8.327821172843086,2
2.1935899113675443,8.92427013953783,2
2.850897962167972,6.986104047707462,2
1.8626282116006034,8.085687161403358,2
2.3904648499288896,7.074575373940412,2
1.8967782470675039,8.255383755674318,2
2.2653623493996284,7.104653677636976,2
1.4172413423884178,7.5918991608397794,2
-0.4388171582764291,7.004184605209771,2
1.8657208378136958,8.651136241823657,2
3.42274813609994,8.858451116656665,2
2.9262154022415925,7.765379430042586,2
2.9653974845911706,8.038237994960028,2
3.2361307218062176,6.551408585366456,2
2.0886575909614375,7.700323351993213,2
2.1973157074055956,7.949795382958255,2
1.3823481045656498,10.620793091029975,2
1.6839271439729502,6.888032974225837,2
2.615771149771142,9.464177238752438,2
3.203884437168816,8.996858773465808,2
1.8605537243190005,8.280636404490137,2
1.5498107351485884,9.758620484195134,2
2.000527958856597,8.372105472606863,2
2.6012067489291146,8.38915919566793,2
0.5561451838664582,7.946879346982454,2
-0.29618095313723813,9.223568882418627,2
1.4494631505084166,9.096469233810884,2
0.7792875740858414,7.374322712503788,2
1.491859802352689,6.680752805401233,2
1.8522196811825284,7.797019362604343,2
1.5467515909769867,7.199961435602353,2
3.4524675344707454,7.936475425384645,2
2.32674476460232,9.237438134684139,2
2.3004743596108286,7.54269834491321,2
2.622207144043402,7.957176618688425,2
0.8611668822192309,8.058022734808395,2
3.0391117874202687,8.848430882205285,2
1.92423571346454,5.753110666015395,2
2.6704806172412123,7.393299705234703,2
0.9281427669598445,8.211283692279473,2
0.44624123398393567,9.20007895642686,2
2.8178896580250288,7.508097552493795,2
2.3764095260975164,6.123447293958126,2
1.0979484456424897,8.619711445966136,2
1.1303369187253056,7.364637611174371,2
3.1254347844147694,6.810333340909638,2
0.8105881071326722,7.375654610286776,2
3.642672953255963,7.81547464234415,2
1.0993792653521313,7.395255335461787,2
2.638391925608383,5.79443394290093,2
1.6713815242510153,8.897066196887133,2
2.6031874310823433,9.274875041278722,2
1.4558859978858074,8.651521991339505,2
1.8372070939277059,6.862314329575184,2
2.040919175395721,7.798508466052482,2
0.9978125442185273,7.993478684770542,2
2.7408243454201258,8.59879438956191,2
1.4867864335284149,8.66834048871808,2
1.7714000846599813,7.265826201221504,2
1.0056506253914876,8.08199555641356,2
-0.5623336587953105,8.457280404615242,2
1.808972237399831,9.455822322146766,2
4.412615421612916,8.704506539824724,2
2.784604287898024,8.789056687375519,2
1.9807396202656053,8.08382662792936,2
1.7371091707917323,9.410459145203504,2
2.0224658928120465,8.409762795959498,2
2.54711911517521,7.138912089826429,2
0.8191871846911551,9.40336997012519,2
3.114321694668872,8.697903272539028,2
2.715381315441244,7.5569559788715175,2
2.7181857257079347,7.520507032600757,2
2.438475738809727,8.296575545140762,2
2.01961665769399,8.463184795267585,2
2.67286123596682,8.197292265631207,2
2.5918141337413783,8.311308673442884,2
1.6459592890589763,9.69995737457638,2
1.426398227103099,9.071543152234886,2
2.1018562952619866,8.190635591265025,2
3.5490201514951876,8.941310580767484,2
0.7608929243460991,6.967476096472461,2
0.53247473424756,8.397927049946809,2
2.1647608412365167,9.80930634973311,2
2.050887701856018,7.781954104607626,2
2.173341664370408,7.152366071380915,2
2.2439531979085,7.3479111114069395,2
1.7767977453651949,6.910366962657612,2
3.4898634386020824,7.215238091872297,2
0.39909602152348445,7.629491901409971,2
1.171502975219754,6.594432980821358,2
1.8967452398509526,8.015618333949604,2
0.35681118884583274,8.902277173786647,2
1.8241455955679289,7.0922438198530795,2
3.6614701657280184,9.519283923641769,2
2.020886488295962,8.510792088527595,2
2.2307009057186833,9.030580585624058,2
0.7398352348274198,7.342165446147863,2
1.3836385919605225,8.854525227066615,2
1.624803619676063,6.908066099604687,2
1.682284903243766,8.890247500836509,2
3.2816437950037685,8.17183933979353,2
2.5576910607251246,8.553251219984784,2
0.888542043062968,6.824405394375148,2
2.246504778432005,7.104930157723396,2
2.498221748496785,8.597228218253385,2
3.1401490385212663,7.051651995775799,2
3.5805406865683738,8.463206292099123,2
0.9849058081721314,6.632862193539754,2
1.1891424887896618,8.848174212666668,2
0.7424221410853837,6.767476685231491,2
1.7659801408930187,8.552299937679523,2
2.4663583744463344,8.625630933646,2
2.987334516589102,7.303228181570425,2
1.9240489763574773,8.582026567084727,2
1.680152476745156,8.260442263333555,2
2.1517579922487404,7.461158143807261,2
1.164857098369977,6.991445315923792,2
4.089538721694773,6.037374308327421,2
0.3923389728819413,8.349650047299694,2
2.1847405788957244,6.435197228637945,2
4.02360621922964,8.095344199441309,2
2.006799844559998,7.736551783917751,2
1.8099609649985056,8.679142775438196,2
1.6425545771895729,7.697954500510136,2
1.8196083182375922,7.6705522136529085,2
3.3728484746765304,8.731870704288296,2
-0.21186191132950682,8.335058029084118,2
3.5334337012963255,8.316155957182778,2
0.5760428475498549,8.469267589808526,2
1.7333476707655853,6.464427876792894,2
1.5707555797013382,8.756788679986983,2
2.5885532697707196,8.612468794013603,2
0.4018756481162524,6.9833168714235025,2
2.4621726660819427,7.7559195263257985,2
4.024309623286852,7.960692712372369,2
0.6368259954071895,7.865503215598268,2
2.1897061676103955,8.333859966568534,2
1.338017822203391,9.431366781831183,2
2.425887206193036,9.081766727672829,2
2.019147777415752,6.687780806568593,2
1.3585130909556904,8.622069990306048,2
2.487872284871074,9.328933319535409,2
3.8043481097867433,8.386808520689202,2
1.8090962082727013,9.090980425185966,2
2.719757942148182,10.012270445700764,2
0.7067270421288363,9.023709546106982,2
1.0435636231819911,8.249308595641729,2
2.4724062778803773,9.045088474084753,2
3.484116028535965,8.144887833096892,2
2.35561334878566,8.023903043284955,2
1.6869419694768457,7.648585764286268,2
1.9992914054233542,9.563413358832108,2
0.7495922660302825,7.181571334057999,2
2.604515326355367,9.532367724678116,2
2.882333062323409,8.499864123740371,2
1.5479096671669197,6.600693825198059,2
1.5299578522404986,8.367649292991421,2
2.2658782296520483,5.899973492348376,2
1.5632802639594046,8.625508016831036,2
1.9338673853741775,8.88523148298899,2
4.099721789166516,7.407644044347946,2
1.7529742992540034,8.123547695955581,2
1.6416598479787778,9.954157433750286,2
1.3524581943648408,7.494253295738063,2
2.7441919714999368,6.9410924129434,2
1.818775826781897,9.4816634024626,2
1.350626961678574,9.962587190530794,2
3.3213040322730123,8.003695671847847,2
3.419603004513637,9.011463035408356,2
1.3995764342612949,9.34147591553088,2
0.13346004863938377,7.257515767461616,2
3.007513689836922,7.5146941646321315,2
1.315370174239996,9.230874513154735,2
2.7906255991627686,9.68501427870851,2
0.029896182288164486,8.562880860174355,2
2.8925973382993093,7.120185646497946,2
0.7888280707192188,9.987061111699441,2
2.7307641190665244,7.469029102188036,2
2.014273067836434,7.6648622188285485,2
1.0460605806033552,8.342337834489621,2
1.5929636870732196,9.554160420714775,2
2.686318456956701,8.853975976552224,2
2.1058944531152344,8.41486550036191,2
2.584412980472484,8.463288530118106,2
3.9764405845154855,8.043514668643466,2
0.43575838828894864,8.558139514518507,2
3.617212574968624,5.470439922305697,2
2.104355937523213,7.703392540930202,2
1.1012159516768718,8.241321934916781,2
0.6696863742610102,6.848985916380493,2
1.8108796092229664,8.38632331781156,2
2.9216501119244596,7.795528779013878,2
1.8724508796224657,9.75547569831549,2
3.5111549302473475,9.573019725214856,2
0.5488243099484411,7.534194430881837,2
1.9879110521539454,7.8491622884333045,2
0.7476065555868809,7.9260524343916074,2
2.363631882624968,7.548340523840377,2
2.8868873900973004,8.195024984028127,2
1.5792382063189467,7.24171793111241,2
-0.6042138566271342,6.869384665062474,2
2.1989481467964946,8.622711223900268,2
2.4367385517335096,8.62952958422181,2
2.4042947549616978,7.195684240340007,2
3.235782191822154,8.8953554307626,2
0.9289463203509511,7.368422270834668,2
2.6802161054504494,8.253165238037981,2
3.1925075124779747,8.820344012612455,2
0.22141241599348316,7.966387435296287,2
2.319651825918977,8.454740912141135,2
1.4958201689923285,7.483570356112429,2
1.9184773268983542,7.803533416571903,2
2.3476764835383364,7.7941405691196595,2
1.5127714358864477,7.253421653459761,2
1.3242919208383883,7.823225836884218,2
2.0341524174880248,6.4513817011362535,2
0.9127540611371974,7.508846252857896,2
0.9141748711148145,7.715124506630329,2
2.6793732829565036,7.74382024750462,2
0.8512059648413439,7.758502554129221,2
2.666312500909212,7.938235800139871,2
2.462591292853951,8.479441518086064,2
0.2741932712094033,8.874517074132523,2
1.322435347664345,7.350234773151733,2
3.1941094030473725,6.796799144610856,2
1.0188344688603184,6.9579555877568975,2
1.5355957376906124,7.512797078805073,2
2.4620608932518966,7.648078682183491,2
2.7833905092825955,7.230003933802543,2
1.7484611139555044,6.703883335750105,2
1.4024898053083583,7.543879172525812,2
3.422369861698508,8.181426620113971,2
3.7388996637975787,8.595029465835564,2
2.9788580507817954,7.442576946891679,2
2.0853181425650242,7.587002177856566,2
1.1917342783590736,7.07330169115269,2
1.1695555934434347,7.968560829625224,2
2.5225141052657576,7.151571365809185,2
2.4183982208886836,8.5731278132412,2
3.4015985929464296,6.214133508065888,2
2.650450092536139,7.640370327547537,2
0.496919698240182,8.301107339191741,2
3.0519476177229183,8.183834516322504,2
1.001939372685587,10.693033663980497,2
1.6160287280476484,8.349800024567907,2
2.2502002062516944,6.9959454031579895,2
3.9956674897839646,7.904535752910927,2
5.109918556005361,6.223753666533549,2
2.6067230591361827,7.919400250703239,2
1.816803381279612,7.166943942999241,2
2.5345056484805504,8.915390275560162,2
2.8876554258738363,7.450459725404465,2
1.6793323744428084,7.883234084204753,2
3.795211355912322,7.364442158595597,2
2.230070759191402,9.73885135185333,2
2.497743089091394,7.678757233882088,2
2.6659242520544613,9.832557043479202,2
2.4215866106144555,8.814151762118266,2
2.8389405004696124,8.482066727335386,2
1.382746813453077,8.36873314731752,2
1.4416982460539693,8.393797298216251,2
0.8998457670283051,6.07232742065439,2
2.4395012306202264,7.721116605849243,2
2.778936503512114,8.845157971184321,2
2.4577728661518856,7.951102816525895,2
3.6744924333475373,6.594810153196425,2
1.9944039811709535,7.94759554942253,2
2.6687416555925125,9.704105516255492,2
0.9082991238606857,9.24689171553472,2
1.612900297525599,7.9379959906339685,2
2.6955377575657775,8.951449277058087,2
2.849102110743144,7.633492979631948,2
1.7060330523358178,6.296128413173281,2
1.9284007481419332,7.075534011870445,2
0.48212625331919057,9.562888768508198,2
1.6429707991933906,7.726006918170696,2
2.890383163519786,7.756616020624982,2
2.5752050161065663,7.70016180372512,2
2.5006657213812096,9.904136589573007,2
2.04977368718096,9.625958915362062,2
2.0070631586281764,10.218780233448134,2
1.3396788605265528,7.840954789599949,2
2.6988284202025348,8.295624488747094,2
2.4209729443893897,6.483357450579209,2
2.4920188479927994,9.476934426118275,2
1.4739651573324197,6.832220448732065,2
-0.15334291987124438,8.21677556376263,2
3.0971527117536954,6.902697472367156,2
1.521162543991596,7.4111331732613035,2
1.1372242359568794,7.1627375689503,2
2.693478911913994,7.392124739324182,2
1.6079873600808705,7.460877296851021,2
3.0599363840466216,7.451731205074923,2
2.6170059495766975,8.833333911780308,2
2.6835693232004774,6.89513720693748,2
0.6340442887994657,8.220541427013867,2
3.2119439853864007,9.217959152305559,2
2.261250531233856,7.486803635486604,2
1.630722860753797,7.282081109252398,2
2.143388467342251,7.769475374819749,2
0.22376476710168003,9.17972520836071,2
2.4086528114806707,8.194107630953358,2
0.9706284918179284,7.468785705392402,2
0.6473297141564656,8.483876651188039,2
0.4776408137821089,6.8977078501635765,2
3.1126883749899252,8.681359510442949,2
1.3707366063072113,8.408607307701768,2
3.533727709916499,7.692191528861116,2
1.4641985369477022,7.161414201552769,2
0.29264204240705327,7.113319077716543,2
0.8834755600513409,8.53481733634591,2
3.2358116200069387,9.228980502489062,2
1.8441018220633325,7.362692252971205,2
1.451712703509399,8.458386703551485,2
2.1600182258527876,5.912972981397932,2
2.501782736167545,7.415382269342801,2
3.117398815902461,7.968941067129098,2
3.448499229892926,7.090316583018167,2
1.6402313542109144,7.063493625210404,2
0.6739523139179617,7.332220443531114,2
1.586534838876724,8.292192728326373,2
2.260280506582886,7.812670981593626,2
1.0362410737893892,5.7617687666750275,2
1.0428490851049572,5.879299847364933,2
2.3437878815498854,7.393134822142825,2
1.9513476484295489,8.457686586053551,2
2.0327969954115863,5.252495157274765,2
1.2415046652999306,7.500269823848369,2
1.7695992857942326,7.473752143482579,2
1.0757668557316955,9.388337778208449,2
2.890198411124787,7.614978188287136,2
3.0352493347237526,8.382988984740928,2
0.15381213776190616,8.141257140087463,2
1.07048913980759,5.8694335201928,2
0.5034707449099209,8.768207216631737,2
1.349976065593102,8.215396505456289,2
1.9165620302096391,8.50826863967459,2
0.5503547803014699,11.926237706436327,2
1.0781401868746867,5.9158870605014116,2
0.9960426279185015,9.724696649761109,2
2.207267329398944,7.712552480599644,2
2.0693443370362505,8.28732890440301,2
1.2782624466627466,7.954487754698758,2
2.176820872139398,7.575763666601956,2
1.4533199154127345,7.430167071761241,2
1.7283448896739468,8.32950873557301,2
3.673452090298537,6.482826303328321,2
3.340461051790348,8.750579167521765,2
0.7004187630724024,7.583805595114746,2
2.8297324178791747,6.869930660959643,2
2.811396554491592,7.549987142004186,2
0.8517367112473817,9.257149216862572,2
2.818777643754861,7.4646649129837765,2
3.5379319184125526,8.35845361820962,2
0.8774551937555861,7.2690437242845265,2
1.0824971789857365,8.757921849923619,2
3.0176614668435024,8.685507738790204,2
2.271495310825648,9.848608833296412,2
2.5514762752395233,7.824436054500785,2
2.3405892164004967,8.668654804757907,2
2.390695920928144,8.098067539538945,2
0.673527871688917,9.295871781863013,2
3.047317706621448,7.28116761239127,2
3.1695899924277735,8.74500531287728,2
1.7706092559319722,7.805302703883318,2
1.9565230501861375,7.935811822891503,2
0.46889249744427786,8.091752484448373,2
2.5142547560178348,8.252240396426677,2
2.572057441714144,7.883770956878042,2
1.937808983000689,8.214713183170526,2
3.1243533598705024,9.578118057562184,2
1.6659227690200595,8.985449685615219,2
2.5646059258936003,8.869154592496896,2
0.9803356613078844,7.544460473976129,2
1.976447849125762,7.110759171771676,2
1.8256457420971641,8.955300558237752,2
2.2253079220409417,8.876046792529793,2
1.6304730711666413,9.472670675750981,2
1.8685274043283322,7.396019374030771,2
2.8260471714415063,7.770451344639653,2
1.5632357627617826,6.360515837474566,2
0.3934228992613207,7.6075288939391275,2
3.7495839042054206,8.996570510579447,2
3.3814540786904868,7.533504620771802,2
0.7077373048943814,8.640479795200823,2
2.6897078052451944,7.809496894002189,2
1.4970252294486568,8.32405702822156,2
2.2634872153310597,6.852308610184332,2
2.294224129013494,8.0852094496339,2
1.765592199683678,5.008864029099277,2
1.2162343344136035,7.813103841838015,2
1.3094589476837406,6.36952675628486,2
1.0838080845187577,9.205994516546816,2
1.1681777917695553,8.777407352764511,2
1.9328217099506448,8.46667098196608,2
1.2842400108892482,9.52100622715938,2
2.68205206571262,7.051083479175163,2
3.487246155335927,9.747363197915558,2
1.419946758629957,8.932191564260386,2
2.239404500535377,7.7634447127810535,2
2.499685110302934,9.135620147182944,2
2.4720022709192744,6.893706487588366,2
2.0759552679160875,7.175485838472326,2
2.7426824183597223,7.3914102767603,2
2.4822489526806573,7.471022291935984,2
0.7623375776727022,6.943442357239747,2
2.8691560643892733,9.223083067095326,2
2.8872908372667423,7.741145599630168,2
1.2367138958214183,8.352504968356879,2
2.037937835447602,7.42964863358632,2
2.6833289928110693,6.179396699451483,2
1.7906861804206384,8.270057358391423,2
3.0729780477660116,6.087745024580223,2
4.363872494619361,7.931365953914532,2
1.2140139673650177,6.631684961167189,2
0.6189553968462251,9.987275999230809,2
2.303818595604876,8.911362722174722,2
2.7215625051261436,8.10575379127148,2
1.769133626155231,9.26370667765467,2
3.4532606633210343,7.153684022534264,2
0.6613942002767512,8.543479378670092,2
2.692918623031611,8.199810433718714,2
1.3941391792411066,8.26402008133367,2
3.7193779062072965,9.272353500106767,2
3.9925153531681183,8.732492102779803,2
1.233343412216652,8.288723662825022,2
1.45044286409142,6.345112563771703,2
2.859587886979802,7.039953704720537,2
1.6128693502104854,7.8772910664042755,2
1.9545887820677619,8.093372374276651,2
2.02538842054241,6.869796275326076,2
0.08032684380234367,10.411676675578422,2
1.9861622539057628,9.516394055253572,2
1.3102722259358262,8.602118320392483,2
1.506877177600228,8.072036861283745,2
3.443632003468814,7.787791030098848,2
0.7434931057207437,7.0480815399777645,2
2.813205186747977,8.077480518518863,2
1.7210370696681916,8.25775254014275,2
1.7202398315041656,6.758239424518376,2
2.7903718960517114,8.334176417244898,2
2.3400512945688905,7.844740951175251,2
